,City,Cloudiness,Country,Date,Humidity,Lat,Lng,Max Speed,Wind Speed,Temp (F)
0,codrington,40.0,AU,1555988407,57.0,-28.95,153.24,79.0,9.17,77.94
1,vila franca do campo,20.0,PT,1555988542,71.0,37.72,-25.43,55.0,4.7,54.34
2,torbay,90.0,CA,1555988557,100.0,47.66,-52.73,45.0,10.29,43.36
3,yumen,100.0,CN,1555988562,31.0,40.29,97.04,64.9,16.64,64.9
4,atuona,6.0,PF,1555988563,75.0,-9.8,-139.03,84.19,17.87,84.19
5,thompson,20.0,CA,1555984800,48.0,55.74,-97.86,42.8,2.24,42.8
8,hermanus,39.0,ZA,1555988483,83.0,-34.42,19.24,64.99,8.99,64.54
9,ushuaia,75.0,AR,1555984800,75.0,-54.81,-68.31,42.8,29.97,42.8
10,sorel,1.0,CA,1555988525,66.0,46.04,-73.1,55.0,11.41,50.83
12,alyangula,40.0,AU,1555984800,59.0,-13.85,136.42,89.6,9.17,89.6
13,paamiut,100.0,GL,1555988565,93.0,61.99,-49.67,30.39,9.98,30.39
14,zhaozhou,100.0,CN,1555988566,25.0,45.71,125.27,60.31,17.52,60.31
15,cockburn town,3.0,TC,1555988566,77.0,21.46,-71.14,78.25,13.22,78.25
16,carnarvon,100.0,ZA,1555988566,77.0,-30.97,22.13,50.96,20.27,50.96
17,samarai,78.0,PG,1555988567,72.0,-10.62,150.67,84.51,5.17,84.51
18,vetapalem,35.0,IN,1555988567,48.0,15.78,80.32,91.35,4.32,91.35
19,tiznit,100.0,MA,1555988567,79.0,29.7,-9.73,62.7,9.86,62.7
20,puerto ayora,16.0,EC,1555988476,98.0,-0.74,-90.35,75.99,5.01,75.99
21,bluff,95.0,AU,1555988568,55.0,-23.58,149.07,80.5,14.85,80.5
22,sirsi,20.0,IN,1555988568,55.0,14.62,74.84,86.28,2.55,86.28
23,port alfred,100.0,ZA,1555988275,93.0,-33.59,26.89,63.0,5.01,63.0
24,saskylakh,75.0,RU,1555988569,89.0,71.97,114.09,20.88,17.11,20.88
25,pangai,75.0,TO,1555984800,65.0,-19.8,-174.35,80.6,19.46,80.6
26,new norfolk,20.0,AU,1555988535,45.0,-42.78,147.06,66.0,9.17,64.69
27,port hardy,90.0,CA,1555984800,93.0,50.7,-127.42,46.4,8.05,46.4
28,arraial do cabo,0.0,BR,1555988570,86.0,-22.97,-42.02,76.94,4.72,76.94
29,punta arenas,40.0,CL,1555987986,75.0,-53.16,-70.91,41.0,9.17,41.0
30,albany,90.0,US,1555988563,93.0,42.65,-73.75,63.0,6.13,56.95
31,rikitea,35.0,PF,1555988571,87.0,-23.12,-134.97,79.17,10.47,79.17
32,petare,75.0,VE,1555987537,78.0,10.48,-66.81,78.8,4.7,75.02
33,hobart,20.0,AU,1555988421,45.0,-42.88,147.33,66.0,9.17,64.69
34,cape town,20.0,ZA,1555988224,72.0,-33.93,18.42,64.99,19.46,63.45
35,hasaki,75.0,JP,1555988525,52.0,35.73,140.83,72.0,9.17,70.21
36,ucluelet,100.0,CA,1555988343,99.0,48.94,-125.55,52.0,4.56,52.0
37,pacific grove,1.0,US,1555988557,52.0,36.62,-121.92,72.0,4.7,60.28
38,qaanaaq,87.0,GL,1555988574,99.0,77.48,-69.36,-18.61,1.66,-18.61
39,palmer,0.0,AU,1555988527,42.0,-34.85,139.16,75.99,11.41,68.23
40,touros,20.0,BR,1555984800,100.0,-5.2,-35.46,77.0,4.7,77.0
41,bethel,90.0,US,1555987800,85.0,60.79,-161.76,23.0,10.29,22.55
42,tanglad,53.0,PH,1555988576,64.0,11.29,125.58,84.91,9.35,84.91
43,clyde river,75.0,CA,1555986300,83.0,70.47,-68.59,-13.01,5.82,-13.01
44,busselton,0.0,AU,1555988442,40.0,-33.64,115.35,75.0,8.48,69.62
45,yellowknife,75.0,CA,1555984800,46.0,62.45,-114.38,50.0,11.41,50.0
46,lompoc,75.0,US,1555988523,87.0,34.64,-120.46,66.99,5.82,58.8
48,surt,100.0,LY,1555988578,35.0,31.21,16.59,73.25,24.85,73.25
49,podyuga,99.0,RU,1555988578,96.0,61.09,40.86,34.1,2.64,34.1
50,tawang,19.0,BT,1555988578,38.0,27.59,91.87,61.19,4.41,61.19
51,tasiilaq,88.0,GL,1555984200,74.0,65.61,-37.64,28.4,33.33,28.4
52,ukiah,95.0,US,1555988490,58.0,39.15,-123.21,71.01,1.99,60.19
53,saint-philippe,1.0,CA,1555988511,58.0,45.36,-73.48,55.0,3.36,52.27
54,pisco,0.0,PE,1555988499,94.0,-13.71,-76.2,71.6,3.36,70.81
56,mudgal,62.0,IN,1555988346,38.0,16.02,76.43,90.06,13.15,90.06
57,tuktoyaktuk,75.0,CA,1555984800,85.0,69.44,-133.03,21.2,28.86,21.2
58,hobyo,94.0,SO,1555988581,75.0,5.35,48.53,82.61,10.6,82.61
59,porto novo,40.0,BR,1555988400,100.0,-23.68,-45.44,69.8,4.7,69.8
60,saint george,75.0,GR,1555984200,87.0,39.45,22.34,51.8,1.52,50.83
61,butaritari,100.0,KI,1555988582,82.0,3.07,172.79,83.29,20.67,83.29
62,iskateley,28.0,RU,1555988582,88.0,67.68,53.15,20.11,6.31,20.11
63,donskoye,0.0,RU,1555986600,74.0,45.45,41.98,33.8,4.47,33.8
64,jamestown,0.0,AU,1555988583,32.0,-33.21,138.6,69.07,7.31,69.07
65,kavaratti,40.0,IN,1555986600,70.0,10.57,72.64,86.0,5.82,86.0
66,mataura,0.0,NZ,1555987805,80.0,-46.19,168.86,61.0,4.45,61.0
67,amahai,40.0,ID,1555988584,70.0,-3.31,129.0,85.61,9.8,85.61
68,grindavik,75.0,IS,1555987773,93.0,63.84,-22.43,41.0,3.36,40.12
69,dolores,0.0,UY,1555988585,72.0,-33.53,-58.22,58.63,13.49,58.63
70,kaithal,0.0,IN,1555988585,24.0,29.8,76.4,91.5,1.83,91.5
71,upernavik,90.0,GL,1555988586,97.0,72.79,-56.15,-5.98,14.54,-5.98
72,gasa,7.0,BT,1555988586,52.0,27.91,89.73,32.21,3.56,32.21
73,vaini,14.0,IN,1555984800,57.0,15.34,74.49,77.0,3.36,77.0
74,udachnyy,90.0,RU,1555986600,79.0,66.42,112.4,23.0,11.18,23.0
75,springfield,1.0,US,1555988440,77.0,37.22,-93.29,69.01,3.36,66.63
76,port elizabeth,1.0,US,1555988524,82.0,39.31,-74.98,64.0,3.36,59.63
77,praia da vitoria,40.0,PT,1555988521,76.0,38.73,-27.07,55.4,18.95,55.2
78,pingyin,2.0,CN,1555988590,57.0,36.28,116.45,74.74,5.88,74.74
80,mokshan,56.0,RU,1555987294,51.0,53.44,44.61,46.0,6.96,46.0
81,cherskiy,57.0,RU,1555988591,73.0,68.75,161.3,27.89,13.29,27.89
82,solano,39.0,PH,1555988591,39.0,16.52,121.18,84.1,4.56,84.1
83,vao,23.0,EE,1555988591,67.0,59.1,26.19,44.95,5.17,44.95
84,campo de criptana,100.0,ES,1555988592,87.0,39.41,-3.13,49.29,11.9,49.29
85,hofn,100.0,IS,1555988449,94.0,64.25,-15.21,27.74,8.41,27.74
86,belle fourche,20.0,US,1555988404,75.0,44.67,-103.85,46.99,9.17,43.52
87,severo-kurilsk,100.0,RU,1555988593,92.0,50.68,156.12,34.65,18.9,34.65
89,zapolyarnyy,100.0,RU,1555986000,80.0,69.43,30.82,39.2,23.04,39.2
90,nikolskoye,0.0,RU,1555988532,61.0,59.7,30.79,50.0,6.71,48.63
91,kindu,100.0,CD,1555988594,98.0,-2.95,25.92,69.97,2.21,69.97
92,svetlogorsk,1.0,RU,1555986600,52.0,53.14,59.15,42.8,4.47,42.8
93,heinola,0.0,FI,1555988271,75.0,61.2,26.03,41.0,3.36,40.5
95,bredasdorp,93.0,ZA,1555988400,77.0,-34.53,20.04,64.4,11.41,64.18
96,provideniya,75.0,RU,1555986600,67.0,64.42,-173.23,21.2,13.42,21.2
98,coihueco,0.0,CL,1555988400,100.0,-36.63,-71.83,55.0,9.17,52.43
99,svetlaya,100.0,RU,1555988596,54.0,46.54,138.33,41.58,12.8,41.58
100,kidal,3.0,ML,1555988597,24.0,18.44,1.41,82.55,3.94,82.55
101,georgetown,20.0,GY,1555984800,83.0,6.8,-58.16,77.0,4.7,77.0
102,kaitangata,35.0,NZ,1555988593,59.0,-46.28,169.85,66.0,5.01,66.0
103,beringovskiy,0.0,RU,1555988598,78.0,63.05,179.32,11.7,10.31,11.7
104,tuatapere,32.0,NZ,1555987805,80.0,-46.13,167.69,61.0,16.71,61.0
106,lesnoy,63.0,RU,1555988599,85.0,59.78,52.13,39.03,7.99,39.03
107,dhemaji,75.0,IN,1555986600,65.0,27.48,94.56,77.0,6.93,77.0
109,loding,40.0,DE,1555988570,61.0,48.05,12.68,53.01,3.36,50.0
110,xiongzhou,90.0,CN,1555988571,88.0,32.34,118.83,73.0,6.71,71.53
111,shizuishan,0.0,CN,1555988601,32.0,39.02,106.36,63.96,5.35,63.96
112,esperance,20.0,TT,1555988431,83.0,10.24,-61.45,78.8,8.05,77.0
113,saint-pierre,0.0,FR,1555988525,66.0,48.95,4.24,57.2,5.82,50.99
114,anjiang,99.0,CN,1555988603,87.0,27.32,110.14,68.3,2.66,68.3
115,waldoboro,90.0,US,1555988555,93.0,44.1,-69.38,55.4,5.82,52.77
116,omsukchan,99.0,RU,1555988603,89.0,62.53,155.8,27.53,7.74,27.53
117,asyut,0.0,EG,1555984800,58.0,27.18,31.19,55.4,6.93,55.4
118,strezhevoy,0.0,RU,1555986600,84.0,60.73,77.6,37.4,13.42,37.4
119,rocha,65.0,UY,1555988604,85.0,-34.48,-54.34,49.88,1.72,49.88
120,norman wells,40.0,CA,1555984800,37.0,65.28,-126.83,53.6,6.93,53.6
121,lakes entrance,37.0,AU,1555988521,73.0,-37.88,147.99,66.99,1.01,66.65
122,klaksvik,30.0,FO,1555987800,87.0,62.23,-6.59,44.6,12.75,44.6
123,khatanga,100.0,RU,1555988605,91.0,71.98,102.47,27.6,11.77,27.6
124,bilibino,0.0,RU,1555988606,76.0,68.06,166.44,19.84,4.79,19.84
125,damavand,20.0,IR,1555987983,64.0,35.72,52.07,39.2,9.17,39.09
126,longyearbyen,0.0,NO,1555987800,67.0,78.22,15.63,17.6,1.12,17.6
127,yar-sale,77.0,RU,1555988607,84.0,66.83,70.83,18.0,21.88,18.0
128,opoczno,0.0,PL,1555988381,57.0,51.38,20.29,46.99,15.17,46.15
129,husavik,1.0,CA,1555988404,58.0,50.56,-96.99,44.01,5.97,43.48
130,guerrero negro,0.0,MX,1555988607,84.0,27.97,-114.04,60.21,9.48,60.21
131,sault sainte marie,90.0,CA,1555984800,81.0,46.49,-84.36,44.6,12.75,44.01
132,ribeira grande,100.0,PT,1555988608,73.0,38.52,-28.7,58.23,15.86,58.23
133,jiwani,0.0,PK,1555988608,79.0,25.05,61.74,80.63,7.52,80.63
134,pine bluff,1.0,US,1555988457,77.0,34.23,-92.0,69.8,7.85,66.58
135,hithadhoo,33.0,MV,1555988609,80.0,-0.6,73.08,84.17,11.95,84.17
136,benghazi,83.0,LY,1555988315,35.0,32.12,20.07,70.22,30.42,70.22
137,ust-maya,9.0,RU,1555988610,51.0,60.42,134.54,41.01,4.68,41.01
139,souillac,0.0,FR,1555988589,62.0,45.6,-0.6,59.0,10.29,58.03
140,nara,0.0,JP,1555988404,68.0,34.68,135.8,82.0,4.7,74.05
141,komsomolskiy,99.0,RU,1555988611,89.0,67.55,63.78,12.5,14.58,12.5
142,kitimat,75.0,CA,1555984800,65.0,54.02,-128.69,44.6,14.99,44.6
143,mindelo,40.0,PT,1555988465,71.0,41.31,-8.72,51.8,8.05,49.44
144,ewa beach,20.0,US,1555988569,51.0,21.32,-158.01,84.2,10.29,79.27
145,east london,100.0,ZA,1555988613,91.0,-33.02,27.91,59.8,11.7,59.8
146,cabo san lucas,75.0,MX,1555988112,68.0,22.89,-109.91,75.2,9.17,70.97
147,dicabisagan,26.0,PH,1555988613,38.0,17.08,122.42,93.73,4.81,93.73
148,castro,40.0,CL,1555984800,87.0,-42.48,-73.76,46.4,11.41,46.4
149,sungaipenuh,100.0,ID,1555988467,59.0,-2.08,101.38,86.42,3.65,86.42
150,sorland,13.0,NO,1555988558,89.0,67.67,12.69,44.2,24.96,44.2
151,airai,38.0,TL,1555988615,46.0,-8.93,125.41,89.9,1.88,89.9
152,kushiro,0.0,JP,1555984800,37.0,43.11,144.15,55.4,13.87,55.4
153,kysyl-syr,46.0,RU,1555988616,74.0,63.9,122.77,32.87,5.12,32.87
154,dodoma,53.0,TZ,1555988616,92.0,-6.18,35.75,67.2,2.39,67.2
156,taoudenni,0.0,ML,1555988616,21.0,22.68,-3.98,75.3,9.86,75.3
158,wattegama,91.0,LK,1555988617,61.0,7.35,80.68,84.91,0.63,84.91
159,paveh,75.0,IR,1555984800,80.0,35.05,46.36,39.2,2.24,39.2
160,mackenzie,75.0,CA,1555984800,46.0,55.34,-123.09,53.6,2.24,53.6
161,mahudha,0.0,IN,1555986600,42.0,22.82,72.94,84.2,6.93,82.31
162,cidreira,95.0,BR,1555988618,65.0,-30.17,-50.22,68.22,5.84,68.22
164,praya,40.0,ID,1555988400,62.0,-8.71,116.27,87.8,8.05,87.8
166,pevek,0.0,RU,1555988619,81.0,69.7,170.27,14.76,3.36,14.76
167,lavrentiya,100.0,RU,1555988619,93.0,65.58,-170.99,9.36,22.93,9.36
168,puerto narino,75.0,CO,1555984800,100.0,-3.77,-70.38,75.2,2.24,75.2
169,general pico,1.0,AR,1555988620,66.0,-35.66,-63.75,53.86,6.31,53.86
171,bathsheba,20.0,BB,1555984800,74.0,13.22,-59.52,78.8,9.17,78.8
172,neftcala,100.0,AZ,1555988621,91.0,39.37,49.25,42.5,9.33,42.5
173,lebu,90.0,ET,1555984800,93.0,8.96,38.73,57.2,8.05,57.2
174,dubbo,73.0,AU,1555986600,39.0,-32.25,148.6,80.6,4.7,80.6
175,barrow,0.0,AR,1555988622,59.0,-38.31,-60.23,54.11,7.81,54.11
176,laela,100.0,TZ,1555988622,99.0,-8.57,32.05,60.41,4.92,60.41
177,kodiak,90.0,US,1555988524,76.0,39.95,-94.76,57.99,11.41,56.08
179,matagami,69.0,NG,1555988623,78.0,9.67,8.4,76.63,6.26,76.63
181,tazovskiy,99.0,RU,1555988624,91.0,67.47,78.7,31.56,19.55,31.56
182,russell,75.0,AR,1555984800,87.0,-33.01,-68.8,57.2,5.82,57.2
183,narsaq,91.0,GL,1555984200,30.0,60.91,-46.05,41.0,14.99,41.0
184,severnoye,49.0,RU,1555988625,66.0,54.09,52.54,48.42,7.23,48.42
185,lufilufi,75.0,WS,1555984800,79.0,-13.87,-171.6,86.0,11.41,86.0
186,jonesboro,1.0,US,1555988499,60.0,35.84,-90.7,68.0,9.17,66.18
187,kapaa,75.0,US,1555987528,65.0,22.08,-159.32,80.6,11.41,77.45
188,igarka,100.0,RU,1555988626,100.0,67.47,86.57,33.25,10.33,33.25
189,san vicente,40.0,SV,1555988403,74.0,13.64,-88.78,82.4,5.82,78.69
190,saintes,0.0,FR,1555988434,62.0,45.74,-0.63,59.0,10.29,58.01
191,northam,84.0,GB,1555988622,76.0,51.04,-4.21,57.0,1.01,54.9
192,kahului,20.0,US,1555988450,57.0,20.89,-156.47,84.2,18.34,77.5
193,pangnirtung,76.0,CA,1555988629,99.0,66.15,-65.72,-17.64,2.21,-17.64
194,bloemfontein,100.0,ZA,1555984800,76.0,-29.12,26.22,55.4,9.17,55.4
195,sambava,100.0,MG,1555988630,94.0,-14.27,50.17,70.96,3.33,70.96
196,ayan,42.0,TR,1555988630,92.0,40.67,33.6,24.79,0.92,24.79
197,faanui,87.0,PF,1555988630,70.0,-16.48,-151.75,85.25,6.22,85.25
198,babstovo,61.0,RU,1555988631,49.0,48.12,132.48,56.4,8.41,56.4
199,novyy urengoy,16.0,RU,1555988631,93.0,66.08,76.63,29.81,17.09,29.81
200,maldonado,75.0,UY,1555984800,76.0,-34.91,-54.96,57.2,4.7,57.2
201,ilorin,51.0,NG,1555988632,74.0,8.5,4.55,79.75,11.5,79.75
202,nemuro,0.0,JP,1555984800,17.0,43.32,145.57,57.2,14.99,57.2
203,gorontalo,59.0,ID,1555988439,76.0,0.54,123.06,85.4,2.24,85.4
204,la peca,100.0,PE,1555988632,74.0,-5.61,-78.44,72.11,3.02,72.11
205,isangel,75.0,VU,1555984800,74.0,-19.55,169.27,84.2,6.93,84.2
206,bambous virieux,75.0,MU,1555988342,88.0,-20.34,57.76,77.0,8.34,77.0
207,yerbogachen,33.0,RU,1555988633,68.0,61.28,108.01,31.79,12.86,31.79
209,eureka,1.0,US,1555988617,87.0,40.8,-124.16,55.99,10.29,53.64
211,homer,40.0,US,1555988562,55.0,59.64,-151.54,39.99,18.34,33.49
214,marsaxlokk,46.0,MT,1555988520,93.0,35.84,14.54,64.0,4.7,60.17
215,japura,98.0,ID,1555988636,91.0,-0.42,102.29,81.92,3.22,81.92
216,tilichiki,100.0,RU,1555988636,79.0,60.47,166.1,33.02,5.23,33.02
217,vardo,1.0,US,1555988617,87.0,39.62,-77.74,60.8,4.43,55.45
218,saint-francois,0.0,FR,1555988469,87.0,46.42,3.91,51.8,4.65,50.72
219,bonavista,99.0,CA,1555988557,84.0,48.65,-53.11,44.01,4.0,44.01
220,mao,75.0,DO,1555988130,83.0,19.55,-71.08,78.01,6.93,76.3
221,filingue,5.0,NE,1555988637,36.0,14.35,3.32,87.02,14.05,87.02
222,ostersund,0.0,SE,1555988123,56.0,63.18,14.64,44.6,9.17,35.01
223,dong hoi,98.0,VN,1555988638,51.0,17.48,106.6,94.77,5.57,94.77
224,bambanglipuro,71.0,ID,1555988638,74.0,-7.95,110.28,84.93,14.47,84.93
225,makakilo city,20.0,US,1555988269,51.0,21.35,-158.09,84.2,10.29,79.27
226,antofagasta,90.0,CL,1555984800,72.0,-23.65,-70.4,64.4,8.05,64.4
227,churapcha,78.0,RU,1555988639,50.0,62.0,132.43,39.77,3.42,39.77
228,medicine hat,75.0,CA,1555988369,24.0,50.04,-110.68,66.2,23.04,63.03
229,ancud,40.0,CL,1555984800,87.0,-41.87,-73.83,46.4,11.41,46.4
231,chor,0.0,PK,1555988640,30.0,25.52,69.77,90.98,9.98,90.98
232,mar del plata,86.0,AR,1555988641,58.0,-46.43,-67.52,52.46,15.48,52.46
233,hilo,90.0,US,1555988620,61.0,19.71,-155.08,78.8,9.17,73.62
234,lake charles,5.0,US,1555988297,88.0,30.23,-93.22,69.8,9.17,67.06
235,ialibu,32.0,PG,1555988641,54.0,-6.28,143.99,83.92,3.76,83.92
236,shimoda,75.0,JP,1555988411,63.0,34.7,138.93,75.99,13.87,70.56
237,caraquet,1.0,CA,1555984800,78.0,47.79,-64.94,35.6,4.7,35.6
238,batsfjord,75.0,NO,1555986000,86.0,70.63,29.72,37.4,3.36,37.4
239,bacolod,50.0,PH,1555988474,62.0,10.68,122.95,87.63,12.62,87.63
241,alibag,0.0,IN,1555986600,78.0,18.64,72.88,84.2,6.93,83.3
242,mitu,59.0,IR,1555988643,87.0,36.2,46.09,34.2,2.01,34.2
243,vila velha,75.0,BR,1555987975,83.0,-3.71,-38.6,82.4,9.17,82.13
244,aizawl,0.0,IN,1555988644,34.0,23.74,92.72,89.97,1.52,89.97
245,sao joao da barra,0.0,BR,1555988453,93.0,-21.64,-41.05,72.27,0.69,72.27
246,malur,40.0,IN,1555988501,78.0,13.01,77.94,84.0,5.82,78.12
247,san patricio,0.0,PY,1555988645,85.0,-26.98,-56.83,68.48,7.2,68.48
249,sedniv,26.0,UA,1555988645,59.0,51.64,31.56,45.58,4.23,45.58
250,clarksburg,1.0,US,1555988604,62.0,39.28,-80.34,59.0,2.75,53.55
251,half moon bay,40.0,US,1555988646,72.0,37.46,-122.43,73.0,11.41,63.48
252,svirstroy,99.0,RU,1555988646,86.0,60.8,33.72,39.6,4.27,39.6
253,santa maria del oro,100.0,MX,1555988647,26.0,25.95,-105.37,68.85,10.31,68.85
254,palm harbor,1.0,US,1555988641,68.0,28.08,-82.76,70.0,8.63,65.88
255,dikson,100.0,RU,1555988648,93.0,73.51,80.55,11.04,31.83,11.04
257,willmar,1.0,US,1555988471,81.0,45.12,-95.04,48.2,8.05,44.89
258,warora,9.0,IN,1555988648,19.0,20.23,79.0,98.21,10.36,98.21
259,constitucion,90.0,MX,1555983660,11.0,23.99,-104.67,75.2,16.11,75.2
260,aklavik,40.0,CA,1555984800,64.0,68.22,-135.01,35.6,11.41,35.6
261,shingu,75.0,JP,1555984800,68.0,33.72,135.99,71.6,4.7,71.6
262,leningradskiy,6.0,RU,1555988650,85.0,69.38,178.42,11.13,4.16,11.13
263,avarua,94.0,CK,1555986600,57.0,-21.21,-159.78,78.8,5.82,78.8
264,batagay-alyta,93.0,RU,1555988650,75.0,67.8,130.41,20.74,5.44,20.74
265,labuhan,42.0,ID,1555988650,51.0,-2.54,115.51,91.34,3.98,91.34
266,tigil,77.0,RU,1555988651,64.0,57.8,158.67,42.29,5.68,42.29
267,prado,0.0,BR,1555988651,91.0,-17.34,-39.22,73.75,2.3,73.75
269,ekhabi,0.0,RU,1555988652,80.0,53.51,142.97,35.01,2.17,35.01
270,kukmor,89.0,RU,1555988652,76.0,56.19,50.9,43.53,8.79,43.53
271,cayenne,75.0,GF,1555986600,94.0,4.94,-52.33,78.8,4.99,78.8
272,ermelo,1.0,NL,1555988643,50.0,52.3,5.62,55.0,6.93,51.98
273,geraldton,75.0,CA,1555984800,38.0,49.72,-86.95,41.0,10.29,41.0
274,qaqortoq,91.0,GL,1555984200,30.0,60.72,-46.03,41.0,14.99,41.0
275,kaka,0.0,TM,1555988654,51.0,37.35,59.62,50.96,7.16,50.96
277,egvekinot,98.0,RU,1555988655,89.0,66.32,-179.17,11.78,20.67,11.78
278,zhigansk,1.0,RU,1555988655,83.0,66.77,123.37,26.21,8.81,26.21
279,ilulissat,100.0,GL,1555984200,92.0,69.22,-51.1,17.6,3.36,17.6
280,honiara,20.0,SB,1555984800,70.0,-9.43,159.96,89.6,6.93,89.6
281,buala,71.0,SB,1555988656,75.0,-8.15,159.59,84.33,7.63,84.33
283,beyneu,7.0,KZ,1555988656,47.0,45.32,55.19,49.97,8.23,49.97
284,kankon,75.0,IN,1555984800,88.0,15.02,74.02,80.6,9.17,80.6
285,rancho palos verdes,1.0,US,1555988628,72.0,33.75,-118.37,70.0,7.87,62.64
286,saldanha,99.0,PT,1555988657,88.0,41.42,-6.55,46.05,5.12,46.05
287,haines city,1.0,US,1555988650,63.0,28.11,-81.63,68.0,8.05,65.39
288,chapais,75.0,CA,1555984800,58.0,49.78,-74.86,30.2,6.93,30.2
289,cordoba,100.0,CO,1555988659,85.0,5.59,-73.79,60.27,2.19,60.27
290,tymovskoye,67.0,RU,1555988659,28.0,50.85,142.66,50.39,4.72,50.39
291,mehamn,75.0,NO,1555986000,93.0,71.03,27.85,37.4,6.93,37.4
293,camargo,73.0,MX,1555988660,18.0,27.69,-105.17,73.25,17.36,73.25
294,brawley,1.0,US,1555988406,15.0,32.98,-115.53,86.0,19.46,80.38
295,purpe,100.0,RU,1555988436,92.0,64.48,76.69,36.0,4.0,36.0
298,astoria,90.0,US,1555988614,81.0,46.19,-123.83,54.0,11.9,50.31
299,boisoara,40.0,RO,1555986600,49.0,45.43,24.38,46.4,5.82,46.15
300,necochea,0.0,AR,1555988662,79.0,-38.55,-58.74,51.68,9.35,51.68
301,tikapur,0.0,NP,1555988662,25.0,28.53,81.12,89.43,5.01,89.43
302,hovd,0.0,NO,1555988464,80.0,63.83,10.7,46.99,9.17,42.33
303,cam ranh,20.0,VN,1555986600,56.0,11.92,109.15,93.2,5.82,93.2
304,moree,99.0,AU,1555988453,34.0,-29.46,149.84,78.8,12.75,77.85
305,koygorodok,70.0,RU,1555988663,82.0,60.44,51.01,39.28,6.8,39.28
306,elko,0.0,US,1555988613,45.0,40.83,-115.76,54.0,5.01,51.58
307,lianran,0.0,CN,1555988614,35.0,24.92,102.47,79.0,17.9,75.74
308,paragould,1.0,US,1555988297,68.0,36.06,-90.5,69.8,6.93,66.94
310,guilin,90.0,CN,1555984800,88.0,25.28,110.29,73.4,4.47,73.4
311,alta floresta,100.0,BR,1555988665,96.0,-9.87,-56.08,73.12,1.79,73.12
312,gubkinskiy,99.0,RU,1555988665,95.0,64.43,76.5,32.93,18.05,32.93
313,mayya,0.0,RU,1555986600,35.0,61.74,130.28,41.0,6.71,41.0
314,port-gentil,98.0,GA,1555988666,83.0,-0.72,8.78,82.5,8.25,82.5
315,coruripe,29.0,BR,1555988484,95.0,-10.12,-36.18,73.25,3.94,73.25
316,povolzhskiy,0.0,RU,1555986600,45.0,53.59,49.76,44.6,6.71,44.6
317,baras,20.0,PH,1555988481,59.0,14.52,121.27,93.99,9.17,90.88
319,tiksi,0.0,RU,1555988667,81.0,71.64,128.87,20.92,10.76,20.92
320,bubaque,64.0,GW,1555988667,69.0,11.28,-15.83,76.43,19.42,76.43
321,khalkhal,100.0,IR,1555988668,90.0,37.62,48.53,25.19,4.41,25.19
322,banos,0.0,FR,1555988572,81.0,43.74,-0.62,55.4,4.7,53.98
323,fortuna,0.0,ES,1555988665,93.0,38.18,-1.13,57.2,3.36,54.86
325,beloha,0.0,MG,1555988669,91.0,-25.17,45.06,71.88,8.48,71.88
326,ambovombe,1.0,MG,1555988670,83.0,-25.18,46.09,78.68,18.99,78.68
327,abu kamal,0.0,SY,1555988670,53.0,34.45,40.92,53.09,13.78,53.09
328,mount isa,0.0,AU,1555986600,35.0,-20.73,139.49,86.0,10.29,86.0
329,hami,100.0,CN,1555988670,31.0,42.84,93.51,67.83,6.78,67.83
330,atar,100.0,MR,1555988529,20.0,20.52,-13.05,77.05,10.63,77.05
331,yeppoon,40.0,AU,1555986600,51.0,-23.13,150.74,84.2,13.87,84.2
332,san quintin,17.0,PH,1555988671,54.0,17.54,120.52,92.7,10.29,92.7
333,alamogordo,90.0,US,1555988601,87.0,32.9,-105.96,55.99,26.4,50.2
334,monrovia,75.0,LR,1555984800,94.0,6.33,-10.8,75.2,9.69,75.2
335,port lincoln,87.0,AU,1555988672,69.0,-34.72,135.86,62.81,11.05,62.81
337,voh,4.0,NC,1555988673,81.0,-20.95,164.69,80.01,17.52,80.01
338,victoria,75.0,BN,1555986600,59.0,5.28,115.24,91.4,9.17,91.18
339,talnakh,75.0,RU,1555986600,90.0,69.49,88.39,32.0,26.84,32.0
340,ahipara,2.0,NZ,1555988399,100.0,-35.17,173.16,66.99,15.86,66.99
342,deputatskiy,94.0,RU,1555988674,69.0,69.3,139.9,25.89,3.0,25.89
343,ruwi,0.0,OM,1555984200,31.0,23.6,58.55,91.4,13.87,91.4
344,kenai,1.0,US,1555988237,47.0,60.55,-151.26,39.99,19.46,38.34
345,bilma,0.0,NE,1555988675,12.0,18.69,12.92,75.86,10.27,75.86
346,hidalgo,90.0,US,1555988643,73.0,26.1,-98.26,77.0,8.05,75.85
347,gwadar,0.0,PK,1555988441,80.0,25.12,62.33,80.21,6.78,80.21
348,lexington,1.0,US,1555988523,55.0,38.05,-84.5,66.2,4.7,60.22
350,noumea,75.0,NC,1555986600,69.0,-22.28,166.46,82.4,11.41,82.4
351,rawson,94.0,AR,1555988677,36.0,-43.3,-65.11,59.73,11.07,59.73
352,ulundi,100.0,ZA,1555988677,98.0,-28.29,31.43,56.56,0.65,56.56
354,iqaluit,90.0,CA,1555984800,77.0,63.75,-68.52,3.2,19.46,3.2
355,monkton,24.0,GB,1555988619,81.0,51.34,1.28,57.99,4.7,52.99
356,mildura,90.0,AU,1555984800,87.0,-34.18,142.16,57.2,8.05,57.2
357,along,100.0,IN,1555988679,46.0,28.17,94.8,64.08,3.29,64.08
358,kjollefjord,75.0,NO,1555986000,93.0,70.95,27.35,37.4,6.93,37.4
359,rio grande,0.0,BR,1555988401,84.0,-32.03,-52.1,55.26,3.11,55.26
360,astaneh-ye ashrafiyeh,90.0,IR,1555986600,100.0,37.26,49.94,44.6,11.41,44.6
361,covington,1.0,US,1555988520,55.0,35.56,-89.65,69.8,5.82,65.79
363,klyuchevskiy,95.0,RU,1555988680,51.0,53.53,119.45,32.1,14.9,32.1
364,azangaro,71.0,PE,1555988681,78.0,-14.91,-70.2,41.89,2.82,41.89
365,chochola,5.0,MX,1555988505,54.0,20.75,-89.83,78.8,11.41,78.46
366,coquimbo,0.0,CL,1555984800,87.0,-29.95,-71.34,53.6,5.82,53.6
367,hillsboro,90.0,US,1555988661,60.0,39.16,-89.49,75.99,10.29,71.37
368,magdagachi,100.0,RU,1555988682,37.0,53.45,125.8,41.76,6.04,41.76
369,buraydah,0.0,SA,1555984800,40.0,26.33,43.97,53.6,4.7,53.6
371,thongwa,17.0,MM,1555986600,70.0,16.76,96.52,91.4,3.36,91.4
372,krian,20.0,ID,1555984800,66.0,-7.41,112.58,87.8,11.41,87.8
373,banepa,75.0,NP,1555987800,88.0,27.63,85.52,62.6,3.36,62.6
374,coihaique,0.0,CL,1555984800,81.0,-45.58,-72.07,44.6,3.36,43.57
375,alofi,75.0,NU,1555984800,69.0,-19.06,-169.92,78.8,17.22,78.8
376,saint anthony,1.0,US,1555988407,39.0,43.97,-111.68,60.8,6.93,54.43
377,chicama,75.0,PE,1555984800,83.0,-7.84,-79.15,71.6,8.05,71.6
378,tevaitoa,93.0,PF,1555988686,71.0,-16.78,-151.5,85.18,6.76,85.18
379,cururupu,100.0,BR,1555988686,98.0,-1.82,-44.87,74.22,0.07,74.22
380,port hedland,100.0,AU,1555986600,25.0,-20.31,118.58,87.8,13.87,87.8
381,moron,90.0,VE,1555988687,92.0,10.49,-68.2,73.39,0.54,73.39
382,nanortalik,97.0,GL,1555988687,81.0,60.14,-45.24,32.51,10.58,32.51
383,acapulco,5.0,MX,1555984260,88.0,16.86,-99.88,77.0,5.82,77.0
385,reggio di calabria,20.0,IT,1555988571,59.0,38.11,15.66,64.4,13.87,61.18
386,camacha,75.0,PT,1555986600,72.0,33.08,-16.33,59.0,18.34,59.0
387,santa cruz,1.0,US,1555988418,25.0,36.97,-122.03,75.2,12.75,62.47
388,sokoni,100.0,CD,1555988689,97.0,-12.89,28.78,60.14,3.33,60.14
389,buckingham,94.0,GB,1555988645,71.0,52.0,-0.98,55.4,5.82,51.69
390,ribas do rio pardo,15.0,BR,1555988690,86.0,-20.45,-53.76,71.72,0.94,71.72
391,aboisso,92.0,CI,1555988691,89.0,5.47,-3.21,78.75,4.85,78.75
392,manavalakurichi,75.0,IN,1555986600,88.0,8.13,77.3,82.4,5.82,82.4
393,yulara,0.0,AU,1555984800,30.0,-25.24,130.99,71.6,12.75,71.6
394,providencia,100.0,CO,1555988692,99.0,1.24,-77.6,52.83,0.94,52.83
395,quatre cocos,75.0,MU,1555988642,88.0,-20.21,57.76,77.0,8.34,77.0
396,namibe,0.0,AO,1555988692,79.0,-15.19,12.15,72.72,8.79,72.72
397,broome,50.0,GB,1555988674,76.0,52.47,1.45,55.4,8.05,52.16
398,bodden town,20.0,KY,1555988404,83.0,19.28,-81.25,80.6,12.75,79.12
399,ponta do sol,6.0,BR,1555988693,91.0,-20.63,-46.0,64.39,2.44,64.39
400,avera,1.0,US,1555988536,82.0,33.19,-82.53,61.0,3.6,59.41
401,urucui,79.0,BR,1555988694,92.0,-7.23,-44.56,74.4,1.79,74.4
402,sept-iles,5.0,CA,1555984800,44.0,50.2,-66.38,37.4,5.82,35.55
403,sao filipe,100.0,CV,1555988694,78.0,14.9,-24.5,70.66,18.01,70.66
404,grants,75.0,US,1555986900,87.0,35.15,-107.85,44.6,11.41,44.6
405,grand gaube,75.0,MU,1555988342,88.0,-20.01,57.66,77.0,12.24,77.0
406,tura,8.0,IN,1555988695,41.0,25.52,90.21,89.16,3.38,89.16
408,bagdarin,92.0,RU,1555988696,31.0,54.44,113.59,23.44,17.16,23.44
409,salalah,40.0,OM,1555984200,69.0,17.01,54.1,80.6,5.82,80.6
410,huaraz,84.0,PE,1555988437,77.0,-9.53,-77.53,65.67,2.37,65.67
412,viedma,51.0,AR,1555988697,38.0,-40.81,-62.99,62.59,16.06,62.59
413,alberton,97.0,ZA,1555988545,87.0,-26.25,28.13,60.01,8.48,56.32
414,borshchiv,0.0,UA,1555988481,72.0,48.8,26.04,42.01,8.95,37.92
415,chokurdakh,100.0,RU,1555988698,95.0,70.62,147.9,30.51,2.24,30.51
416,alice springs,0.0,AU,1555986600,37.0,-23.7,133.88,71.6,11.41,71.6
417,tabou,100.0,CI,1555988698,91.0,4.42,-7.36,77.53,3.0,77.53
418,khipro,0.0,PK,1555988698,25.0,25.83,69.38,92.33,9.91,92.33
419,ixtapa,40.0,MX,1555988426,83.0,20.71,-105.21,75.99,8.05,75.56
420,parkhill,35.0,GB,1555988644,100.0,54.73,-1.52,50.0,3.36,46.26
421,margate,20.0,AU,1555988476,45.0,-43.03,147.26,66.0,9.17,64.69
422,verkhoyansk,38.0,RU,1555988699,65.0,67.55,133.39,28.88,6.67,28.88
423,coos bay,90.0,US,1555988455,71.0,43.37,-124.22,59.0,3.36,56.01
424,leon valley,75.0,US,1555988671,72.0,29.5,-98.62,72.0,6.93,69.48
425,broken hill,4.0,AU,1555984800,48.0,-31.97,141.45,66.2,11.41,66.2
426,semporna,75.0,MY,1555984800,70.0,4.48,118.61,89.6,4.7,89.6
428,changde,97.0,CN,1555988701,63.0,29.04,111.68,75.77,4.07,75.77
429,meulaboh,100.0,ID,1555988701,76.0,4.14,96.13,83.44,6.49,83.44
431,imbituba,75.0,BR,1555984800,94.0,-28.24,-48.67,68.0,9.17,68.0
432,khani,90.0,GE,1555986600,93.0,41.96,42.96,44.6,2.24,44.6
433,srednekolymsk,58.0,RU,1555988703,97.0,67.46,153.71,35.68,7.11,35.68
434,chuy,77.0,UY,1555988703,66.0,-33.69,-53.46,60.85,9.44,60.85
435,riberalta,100.0,BO,1555988704,97.0,-11.0,-66.08,74.54,1.92,74.54
436,swan hill,62.0,AU,1555988704,49.0,-35.34,143.56,73.05,5.03,73.05
438,san rafael,1.0,AR,1555988707,85.0,-34.61,-68.33,55.37,3.94,55.37
439,kulhudhuffushi,96.0,MV,1555988708,76.0,6.62,73.07,84.95,15.41,84.95
440,chingola,100.0,ZM,1555988708,97.0,-12.55,27.86,61.31,3.47,61.31
441,carutapera,100.0,BR,1555988709,87.0,-1.2,-46.02,77.82,2.17,77.82
442,mastic beach,90.0,US,1555988456,93.0,40.77,-72.85,57.2,9.17,55.04
443,barra da estiva,45.0,BR,1555988461,96.0,-13.63,-41.33,64.68,4.9,64.68
444,lubango,0.0,AO,1555988709,76.0,-14.92,13.49,67.99,2.75,67.99
445,koslan,81.0,RU,1555988710,92.0,63.46,48.9,33.77,7.4,33.77
446,gornozavodsk,100.0,RU,1555988710,94.0,58.37,58.33,39.19,4.16,39.19
447,calabozo,100.0,VE,1555988710,48.0,8.92,-67.43,88.06,2.33,88.06
448,nishihara,75.0,JP,1555988701,59.0,35.74,139.53,77.0,3.36,71.69
449,dingle,53.0,PH,1555988711,49.0,11.0,122.67,90.6,15.26,90.6
450,te anau,1.0,NZ,1555988712,46.0,-45.41,167.72,62.46,4.29,62.46
451,beyla,100.0,GN,1555988712,94.0,8.69,-8.65,70.19,3.04,70.19
452,kavieng,32.0,PG,1555988712,63.0,-2.57,150.8,86.51,5.08,86.51
453,vienenburg,1.0,DE,1555988529,71.0,51.95,10.56,51.01,1.01,49.08
454,langsa,100.0,ID,1555988713,56.0,4.47,97.97,84.51,3.47,84.51
456,muros,75.0,ES,1555988707,93.0,42.77,-9.06,51.01,8.05,46.92
457,bourges,0.0,FR,1555988704,76.0,47.08,2.4,54.0,7.23,52.48
458,skjervoy,100.0,NO,1555988553,95.0,70.03,20.97,41.91,10.33,41.91
459,kudahuvadhoo,68.0,MV,1555988714,77.0,2.67,72.89,85.76,11.3,85.76
460,zalantun,1.0,CN,1555988714,15.0,48.0,122.72,53.68,17.9,53.68
462,batken,93.0,KG,1555988649,60.0,40.06,70.82,55.68,4.47,55.68
463,ilinskiy,81.0,RU,1555987830,75.0,55.62,38.12,50.0,6.71,42.55
465,pedasi,96.0,PA,1555988716,72.0,7.53,-80.03,77.96,9.93,77.96
466,san jose,43.0,PH,1555988697,37.0,15.79,120.99,95.82,11.45,95.82
467,narok,100.0,KE,1555988719,96.0,-1.09,35.87,58.63,2.93,58.63
468,araouane,0.0,ML,1555988519,19.0,18.9,-3.53,78.59,8.81,78.59
470,fukue,75.0,JP,1555988649,68.0,35.03,136.69,78.01,6.93,72.57
471,kichmengskiy gorodok,50.0,RU,1555988720,92.0,59.99,45.81,38.9,5.73,38.9
472,otta,64.0,NO,1555988720,89.0,61.77,9.54,30.19,2.62,30.19
473,san cristobal,75.0,EC,1555988472,93.0,-0.39,-78.55,57.2,3.36,52.38
474,kruisfontein,100.0,ZA,1555988721,92.0,-34.0,24.73,59.58,9.75,59.58
475,dukat,96.0,RS,1555988540,84.0,42.44,22.31,46.99,3.0,46.99
476,nome,40.0,US,1555988713,88.0,30.04,-94.42,71.01,3.36,68.83
477,pekan,75.0,MY,1555984800,74.0,3.49,103.39,87.8,5.82,87.26
478,oksfjord,99.0,NO,1555988429,93.0,70.24,22.35,42.01,21.92,40.08
479,ashington,74.0,GB,1555988644,100.0,55.18,-1.57,48.0,3.36,45.9
480,porangatu,90.0,BR,1555988722,92.0,-13.44,-49.14,69.52,1.59,69.52
482,dali,0.0,CN,1555988723,27.0,25.6,100.24,70.11,8.79,70.11
483,palpa,1.0,PE,1555988724,73.0,-14.53,-75.19,71.16,5.14,71.16
484,altay,2.0,CN,1555988724,54.0,47.83,88.13,35.86,6.02,35.86
485,mahebourg,75.0,MU,1555988642,88.0,-20.41,57.7,77.0,8.34,77.0
486,glotovka,85.0,RU,1555988724,74.0,53.95,46.7,44.74,4.61,44.74
487,walvis bay,0.0,NA,1555988525,93.0,-22.95,14.51,54.0,5.82,52.88
488,uglich,99.0,RU,1555988725,64.0,57.53,38.32,47.33,7.56,47.33
489,comodoro rivadavia,0.0,AR,1555985700,41.0,-45.87,-67.48,59.0,17.22,59.0
491,lourdes,0.0,SV,1555988403,78.0,13.73,-89.37,82.4,2.82,78.78
492,jiuquan,100.0,CN,1555988726,35.0,39.73,98.49,59.94,7.52,59.94
493,eslamshahr,20.0,IR,1555987983,64.0,35.55,51.23,39.2,9.17,39.13
495,lazurne,93.0,UA,1555988727,55.0,46.77,34.99,49.63,4.54,49.63
496,madang,81.0,PG,1555988728,50.0,-5.21,145.81,86.3,5.39,86.3
497,bermeo,0.0,ES,1555988715,55.0,43.42,-2.72,64.0,11.41,57.79
498,usinsk,99.0,RU,1555988728,82.0,66.0,57.56,26.23,11.63,26.23
499,padang,75.0,ID,1555984800,83.0,-0.92,100.36,82.4,2.24,82.4
500,roma,40.0,IT,1555988684,67.0,41.89,12.48,62.01,19.46,58.82
501,itarema,98.0,BR,1555988729,90.0,-2.92,-39.92,76.27,5.88,76.27
502,kabanjahe,20.0,ID,1555984800,74.0,3.1,98.49,84.2,6.93,84.06
503,whitehorse,75.0,CA,1555984800,32.0,60.72,-135.06,41.0,12.75,41.0
504,rincon,1.0,US,1555988717,77.0,32.3,-81.24,68.0,3.42,63.54
505,paita,94.0,PE,1555988731,90.0,-5.09,-81.11,71.3,12.12,71.3
507,umm kaddadah,47.0,SD,1555988731,13.0,13.6,26.69,65.94,12.24,65.94
508,hakodate,0.0,JP,1555984800,47.0,41.8,140.75,55.4,6.93,55.4
509,ulaangom,75.0,MN,1555988732,37.0,49.98,92.07,37.66,6.02,37.66
510,bowen,90.0,AU,1555988684,88.0,-20.01,148.25,77.0,11.41,75.99
511,xai-xai,2.0,MZ,1555988732,94.0,-25.04,33.64,69.66,2.21,69.66
512,yarada,20.0,IN,1555986600,66.0,17.65,83.27,87.8,2.24,87.8
513,luderitz,0.0,NA,1555984800,49.0,-26.65,15.16,68.0,11.41,68.0
514,ostrovnoy,100.0,RU,1555988733,89.0,68.05,39.51,36.53,15.05,36.53
515,puerto lempira,2.0,HN,1555988733,80.0,15.27,-83.77,78.45,6.2,78.45
516,kalmunai,100.0,LK,1555988734,73.0,7.42,81.82,84.59,2.62,84.59
517,eydhafushi,61.0,MV,1555988474,76.0,5.1,73.07,85.09,11.7,85.09
518,jatiroto,20.0,ID,1555986600,59.0,-6.89,111.01,89.6,10.29,89.6
519,santa comba,75.0,ES,1555988729,93.0,43.03,-8.81,51.01,8.05,47.68
520,sao joao del rei,1.0,BR,1555988453,94.0,-21.14,-44.26,63.58,3.56,63.58
522,vila do maio,75.0,CV,1555984800,68.0,15.13,-23.22,71.6,13.87,71.6
523,rouvroy,0.0,FR,1555988726,51.0,50.39,2.9,59.0,8.05,54.75
524,silvania,40.0,CO,1555984800,87.0,4.4,-74.39,55.4,2.71,55.4
526,teknaf,0.0,BD,1555988736,56.0,20.86,92.31,85.38,5.44,85.38
527,horta,99.0,ES,1555988736,87.0,41.43,2.16,60.01,2.24,56.97
528,taksimo,100.0,RU,1555988714,50.0,56.36,114.84,22.99,11.21,22.99
529,snyder,90.0,US,1555988703,82.0,32.72,-100.92,69.01,10.29,66.16
530,raudeberg,0.0,NO,1555988402,66.0,61.99,5.14,52.0,11.41,50.76
531,sibolga,100.0,ID,1555988738,71.0,1.74,98.78,83.74,1.77,83.74
532,bata,96.0,GQ,1555988739,80.0,1.87,9.77,81.65,3.51,81.65
535,sorong,99.0,ID,1555988739,76.0,-0.86,131.25,86.1,4.23,86.1
537,khrebtovaya,0.0,RU,1555988740,61.0,56.71,104.25,33.88,7.16,33.88
538,batemans bay,81.0,AU,1555988521,66.0,-35.71,150.18,72.0,1.01,70.0
539,jumla,0.0,NP,1555988741,25.0,29.28,82.18,57.23,1.79,57.23
540,port keats,8.0,AU,1555988741,37.0,-14.25,129.55,92.72,12.55,92.72
541,rwamagana,40.0,RW,1555987967,100.0,-1.95,30.43,60.8,1.74,60.35
542,mandalgovi,100.0,MN,1555988741,58.0,45.76,106.27,42.85,16.69,42.85
543,letka,75.0,BA,1555988400,76.0,43.74,17.27,55.4,6.93,55.22
544,aswan,0.0,EG,1555984800,23.0,24.09,32.9,60.8,4.7,60.8
545,katsuura,75.0,JP,1555987085,53.0,33.93,134.5,73.4,16.11,68.11
546,osmena,58.0,PH,1555988743,65.0,12.17,124.59,85.86,7.63,85.86
547,bom conselho,28.0,BR,1555988743,91.0,-9.17,-36.69,71.0,6.15,71.0
548,moa,6.0,CU,1555988743,96.0,20.66,-74.95,66.86,2.86,66.86
549,tomatlan,94.0,MX,1555988744,73.0,19.93,-105.25,73.48,7.45,73.48
550,bandarbeyla,98.0,SO,1555988744,78.0,9.49,50.81,79.39,9.1,79.39
551,mariestad,0.0,SE,1555988514,74.0,58.71,13.82,41.0,2.24,37.6
552,golden,93.0,CA,1555988744,87.0,51.3,-116.96,38.04,3.53,38.04
553,havoysund,99.0,NO,1555986000,93.0,71.0,24.66,39.2,21.92,39.2
554,dwarka,0.0,IN,1555988407,45.0,28.58,77.04,93.0,5.82,85.55
555,tual,48.0,ID,1555988746,76.0,-5.67,132.75,85.38,17.09,85.38
556,pasighat,77.0,IN,1555988746,43.0,28.06,95.33,78.48,0.96,78.48
557,kapit,84.0,MY,1555988747,51.0,2.02,112.94,93.68,2.24,93.68
558,berlevag,75.0,NO,1555986000,93.0,70.86,29.09,37.4,6.93,37.4
559,doka,46.0,SD,1555988747,21.0,13.52,35.76,82.01,7.61,82.01
560,kenitra,75.0,MA,1555988555,82.0,34.26,-6.57,61.0,8.05,58.6
562,ternate,20.0,PH,1555988481,59.0,14.29,120.72,93.99,9.17,90.88
563,rakaia,38.0,NZ,1555988716,72.0,-43.76,172.02,62.01,17.22,59.76
564,joshimath,0.0,IN,1555988749,10.0,30.57,79.57,61.1,3.27,61.1
565,barhi,40.0,IN,1555984800,69.0,24.31,85.42,80.6,4.7,80.6
566,lasa,20.0,CY,1555986600,66.0,34.92,32.53,51.8,10.29,50.54
567,ambon,0.0,FR,1555988729,67.0,47.55,-2.56,57.99,9.17,55.33
568,saint-joseph,90.0,FR,1555988513,58.0,43.56,6.97,59.0,3.36,57.47
569,baie-comeau,1.0,CA,1555988506,80.0,49.22,-68.15,36.0,2.24,33.03
570,wangqing,100.0,CN,1555988751,50.0,43.31,129.76,67.6,12.19,67.6
571,axim,64.0,GH,1555988752,85.0,4.87,-2.24,81.17,9.26,81.17
572,sussex,90.0,CA,1555988101,100.0,45.72,-65.51,48.2,10.29,48.09
573,presidencia roque saenz pena,1.0,AR,1555988453,91.0,-26.79,-60.44,65.72,4.83,65.72
574,saint-paul,86.0,FR,1555988484,66.0,45.22,1.9,55.99,4.7,54.54
575,flin flon,94.0,CA,1555988753,49.0,54.77,-101.88,49.06,14.67,49.06
576,wundanyi,100.0,KE,1555988753,93.0,-3.4,38.37,66.73,7.54,66.73
577,quelimane,94.0,MZ,1555988754,99.0,-17.88,36.89,67.31,4.12,67.31
578,mana,75.0,RS,1555986600,87.0,43.52,20.24,50.0,10.29,47.17
579,inta,100.0,RU,1555988755,77.0,66.04,60.13,27.85,12.8,27.85
580,mackay,40.0,CA,1555984800,50.0,53.65,-115.58,57.2,4.7,57.2
581,kuala terengganu,75.0,MY,1555984800,94.0,5.33,103.14,78.8,2.24,78.8
582,mayumba,100.0,GA,1555988756,83.0,-3.44,10.65,81.38,6.35,81.38
583,luanda,75.0,AO,1555984800,88.0,-8.83,13.24,78.8,5.82,78.8
584,faya,0.0,SA,1555984800,63.0,18.39,42.45,64.4,1.86,63.54
585,barra,82.0,BR,1555988757,81.0,-11.09,-43.14,73.71,2.57,73.71
586,la ronge,90.0,CA,1555984800,35.0,55.1,-105.3,55.4,16.11,55.4
587,portland,90.0,US,1555988108,77.0,45.52,-122.67,60.8,4.7,57.11
588,benalla,90.0,AU,1555988715,56.0,-36.55,145.99,77.0,2.24,71.17
589,holly springs,1.0,US,1555988615,100.0,35.65,-78.83,57.99,3.2,54.97
590,cap malheureux,75.0,MU,1555988642,88.0,-19.98,57.61,77.0,12.24,77.0
591,ambilobe,100.0,MG,1555988759,85.0,-13.19,49.05,74.61,5.88,74.61
592,lewistown,75.0,US,1555988622,68.0,40.39,-90.15,71.6,21.92,68.5
593,leshukonskoye,100.0,RU,1555988760,94.0,64.9,45.76,34.15,4.74,34.15
594,lazaro cardenas,20.0,MX,1555983780,22.0,28.39,-105.62,75.2,16.11,75.2
595,lata,0.0,IN,1555988760,37.0,30.78,78.62,38.52,4.05,38.52
596,bassila,100.0,BJ,1555988761,86.0,9.0,1.66,78.34,2.44,78.34
597,bereznik,36.0,RU,1555988761,94.0,62.86,42.71,34.64,4.5,34.64
598,chute-aux-outardes,1.0,CA,1555988506,80.0,49.12,-68.38,36.0,2.24,33.01
599,dunmore town,4.0,BS,1555988762,65.0,25.5,-76.65,73.81,15.88,73.81
600,legaspi,43.0,PH,1555988762,37.0,16.04,120.74,95.82,11.45,95.82
602,yokadouma,89.0,CM,1555988763,96.0,3.52,15.05,71.25,1.5,71.25
603,tadine,4.0,NC,1555988622,83.0,-21.55,167.88,78.29,13.33,78.29
604,bloemhof,100.0,ZA,1555988764,88.0,-27.65,25.61,57.93,11.5,57.93
605,berezovyy,99.0,RU,1555988764,65.0,51.67,135.7,36.76,3.94,36.76
607,los llanos de aridane,90.0,ES,1555988716,68.0,28.66,-17.92,66.2,1.12,60.48
608,anage,54.0,BR,1555988765,94.0,-14.61,-41.14,68.84,6.04,68.84
609,rosetta,0.0,EG,1555984800,67.0,31.4,30.42,59.0,2.24,59.0
610,nakusp,98.0,CA,1555988429,99.0,50.24,-117.8,43.0,1.99,43.0
611,high level,75.0,CA,1555984800,76.0,58.52,-117.13,51.8,6.93,51.8
612,nantai,0.0,CN,1555988766,32.0,36.41,105.98,65.49,4.27,65.49
613,sao felix do xingu,100.0,BR,1555988766,97.0,-6.64,-51.99,71.29,2.26,71.29
614,port-cartier,5.0,CA,1555984800,44.0,50.03,-66.88,37.4,5.82,35.15
615,hounde,100.0,BF,1555988767,42.0,11.5,-3.52,89.46,5.59,89.46
616,kabarnet,100.0,KE,1555988767,92.0,0.5,35.74,55.84,3.58,55.84
617,ardesen,75.0,TR,1555986600,100.0,41.19,40.99,46.4,5.82,46.4
618,kota belud,75.0,MY,1555987817,63.0,6.35,116.43,93.2,5.82,91.72
619,cabedelo,0.0,BR,1555984800,94.0,-6.97,-34.84,77.0,3.36,77.0
620,mount gambier,75.0,AU,1555984800,63.0,-37.83,140.78,62.6,8.05,62.6
621,fairbanks,90.0,US,1555988500,51.0,64.84,-147.72,51.8,13.87,47.91
622,mardin,75.0,TR,1555988400,87.0,37.32,40.72,46.4,3.36,44.26
623,vestmanna,41.0,FO,1555987800,87.0,62.16,-7.17,44.6,12.75,44.6
624,bastrop,1.0,US,1555988480,93.0,32.78,-91.91,69.8,5.5,64.69
625,karasjok,100.0,NO,1555986000,75.0,69.47,25.52,46.4,24.16,46.4
626,lagoa,20.0,PT,1555988760,93.0,37.14,-8.45,54.0,10.29,52.88
